,sequence,label,label_pred
224,"tgcgttgcataggaatgtcaaatagagactttgtggaaggggtttcaggaggaagctgggttgacatagtcttagaacatggaagctgtgtgacgacgatggcaaaaaacaaaccaacattggattttgaactgataaaaacagaagccaaacagcctgccaccctaaggaagtactgtatagaggcaaagctaaccaacacaacaacagaatctcgctgcccaacacaaggggaacccagcctaaatgaagagcaggacaaaaggttcgtctgcaaacactccatggtagacagaggatggggaaatggatgtggactatttggaaagggaggcattgtgacctgtgctatgttcagatgcaaaaagaacatggaaggaaaagttgtgcaaccagaaaacttggaatacaccattgtgataacacctcactcaggggaagagcatgcagtcggaaatgacacaggaaaacatggcaaggaaatcaaaataacaccacagagttccatcacagaagcagaattgacaggttatggcactgtcacaatggagtgctctccaagaacgggcctcgacttcaatgagatggtgttgctgcagatggaaaataaagcttggctggtgcacaggcaatggttcctagacctgccgttaccatggttgcccggagcggacacacaagggtcaaattggatacagaaagagacattggtcactttcaaaaatccccatgcgaagaaacaggatgttgttgttttaggatcccaagaaggggccatgcacacagcacttacaggggccacagaaatccaaatgtcatcaggaaacttactcttcacaggacatctcaagtgcaggctgagaatggacaagctacagctcaaaggaatgtcatactctatgtgcacaggaaagtttaaagttgtgaaggaaatagcagaaacacaacatggaacaatagttatcagagtgcaatatgaaggggacggctctccatgcaagatcccttttgagataatggatttggaaaaaagacatgtcttaggtcgcctgattacagtcaacccaattgtgacagaaaaagatagcccagtcaacatagaagcagaacctccattcggagacagctacatcatcataggagtagagccgggacaactgaagctcaactggtttaagaaaggaagttctatcggccaaatgtttgagacaacaatgaggggggcgaagagaatggccattttaggtgacacagcctgggattttggatccttgggaggagtgtttacatctataggaaaggctctccaccaagtctttggagcaatctatggagctgccttcagtggggtttcatggactatgaaaatcctcataggagtcattatcacatggataggaatgaattcacgcagcacctcactgtctgtgacactagtattggtgggaattgtgacactgtatttgggagtcatggtgcaggcc
",1,2
692,"tgcgttgcataggaatgtcaaatagagactttgtggaaggggtttcaggaggaagctgggttgacatagtcttagaacatggaagctgtgtgacgacgatggcaaaaaacaaaccaacattggattttgaactgataaaaacagaagccaaacagcctgccaccctaaggaagtactgtatagaggcaaagctaaccaacacaacaacagaatctcgctgcccaacacaaggggaacccagcctaaatgaagagcaggacaaaaggttcgtctgcaaacactccatggtagacagaggatggggaaatggatgtggactatttggaaagggaggcattgtgacctgtgctatgttcagatgcaaaaagaacatggaaggaaaagttgtgcaaccagaaaacttggaatacaccattgtgataacacctcactcaggggaagagcatgcagtcggaaatgacacaggaaaacatggcaaggaaatcaaaataacaccacagagttccatcacagaagcagaattgacaggttatggcactgtcacaatggagtgctctccaagaacgggcctcgacttcaatgagatggtgttgctgcagatggaaaataaagcttggctggtgcacaggcaatggttcctagacctgccgttaccatggttgcccggagcggacacacaagggtcaaattggatacagaaagagacattggtcactttcaaaaatccccatgcgaagaaacaggatgttgttgttttaggatcccaagaaggggccatgcacacagcacttacaggggccacagaaatccaaatgtcatcaggaaacttactcttcacaggacatctcaagtgcaggctgagaatggacaagctacagctcaaaggaatgtcatactctatgtgcacaggaaagtttaaagttgtgaaggaaatagcagaaacacaacatggaacaatagttatcagagtgcaatatgaaggggacggctctccatgcaagatcccttttgagataatggatttggaaaaaagacatgtcttaggtcgcctgattacagtcaacccaattgtgacagaaaaagatagcccagtcaacatagaagcagaacctccattcggagacagctacatcatcataggagtagagccgggacaactgaagctcaactggtttaagaaaggaagttctatcggccaaatgtttgagacaacaatgaggggggcgaagagaatggccattttaggtgacacagcctgggattttggatccttgggaggagtgtttacatctataggaaaggctctccaccaagtctttggagcaatctatggagctgccttcagtggggtttcatggactatgaaaatcctcataggagtcattatcacatggataggaatgaattcacgcagcacctcactgtctgtgacactagtattggtgggaattgtgacactgtatttgggagtcatggtgcaggcc
",1,2
764,"tgcgttgcataggaatgtcaaatagagactttgtggaaggggtttcaggaggaagctgggttgacatagtcttagaacatggaagctgtgtgacgacgatggcaaaaaacaaaccaacattggattttgaactgataaaaacagaagccaaacagcctgccaccctaaggaagtactgtatagaggcaaagctaaccaacacaacaacagaatctcgctgcccaacacaaggggaacccagcctaaatgaagagcaggacaaaaggttcgtctgcaaacactccatggtagacagaggatggggaaatggatgtggactatttggaaagggaggcattgtgacctgtgctatgttcagatgcaaaaagaacatggaaggaaaagttgtgcaaccagaaaacttggaatacaccattgtgataacacctcactcaggggaagagcatgcagtcggaaatgacacaggaaaacatggcaaggaaatcaaaataacaccacagagttccatcacagaagcagaattgacaggttatggcactgtcacaatggagtgctctccaagaacgggcctcgacttcaatgagatggtgttgctgcagatggaaaataaagcttggctggtgcacaggcaatggttcctagacctgccgttaccatggttgcccggagcggacacacaagggtcaaattggatacagaaagagacattggtcactttcaaaaatccccatgcgaagaaacaggatgttgttgttttaggatcccaagaaggggccatgcacacagcacttacaggggccacagaaatccaaatgtcatcaggaaacttactcttcacaggacatctcaagtgcaggctgagaatggacaagctacagctcaaaggaatgtcatactctatgtgcacaggaaagtttaaagttgtgaaggaaatagcagaaacacaacatggaacaatagttatcagagtgcaatatgaaggggacggctctccatgcaagatcccttttgagataatggatttggaaaaaagacatgtcttaggtcgcctgattacagtcaacccaattgtgacagaaaaagatagcccagtcaacatagaagcagaacctccattcggagacagctacatcatcataggagtagagccgggacaactgaagctcaactggtttaagaaaggaagttctatcggccaaatgtttgagacaacaatgaggggggcgaagagaatggccattttaggtgacacagcctgggattttggatccttgggaggagtgtttacatctataggaaaggctctccaccaagtctttggagcaatctatggagctgccttcagtggggtttcatggactatgaaaatcctcataggagtcattatcacatggataggaatgaattcacgcagcacctcactgtctgtgacactagtattggtgggaattgtgacactgtatttgggagtcatggtgcaggcc
",1,2
452,"tgcgttgcataggaatgtcaaatagagactttgtggaaggggtttcaggaggaagctgggttgacatagtcttagaacatggaagctgtgtgacgacgatggcaaaaaacaaaccaacattggattttgaactgataaaaacagaagccaaacagcctgccaccctaaggaagtactgtatagaggcaaagctaaccaacacaacaacagaatctcgctgcccaacacaaggggaacccagcctaaatgaagagcaggacaaaaggttcgtctgcaaacactccatggtagacagaggatggggaaatggatgtggactatttggaaagggaggcattgtgacctgtgctatgttcagatgcaaaaagaacatggaaggaaaagttgtgcaaccagaaaacttggaatacaccattgtgataacacctcactcaggggaagagcatgcagtcggaaatgacacaggaaaacatggcaaggaaatcaaaataacaccacagagttccatcacagaagcagaattgacaggttatggcactgtcacaatggagtgctctccaagaacgggcctcgacttcaatgagatggtgttgctgcagatggaaaataaagcttggctggtgcacaggcaatggttcctagacctgccgttaccatggttgcccggagcggacacacaagggtcaaattggatacagaaagagacattggtcactttcaaaaatccccatgcgaagaaacaggatgttgttgttttaggatcccaagaaggggccatgcacacagcacttacaggggccacagaaatccaaatgtcatcaggaaacttactcttcacaggacatctcaagtgcaggctgagaatggacaagctacagctcaaaggaatgtcatactctatgtgcacaggaaagtttaaagttgtgaaggaaatagcagaaacacaacatggaacaatagttatcagagtgcaatatgaaggggacggctctccatgcaagatcccttttgagataatggatttggaaaaaagacatgtcttaggtcgcctgattacagtcaacccaattgtgacagaaaaagatagcccagtcaacatagaagcagaacctccattcggagacagctacatcatcataggagtagagccgggacaactgaagctcaactggtttaagaaaggaagttctatcggccaaatgtttgagacaacaatgaggggggcgaagagaatggccattttaggtgacacagcctgggattttggatccttgggaggagtgtttacatctataggaaaggctctccaccaagtctttggagcaatctatggagctgccttcagtggggtttcatggactatgaaaatcctcataggagtcattatcacatggataggaatgaattcacgcagcacctcactgtctgtgacactagtattggtgggaattgtgacactgtatttgggagtcatggtgcaggcc
",1,2
2274,"tgcgttgcataggaatgtcaaatagagactttgtggaaggggtttcaggaggaagctgggttgacatagtcttagaacatggaagctgtgtgacgacgatggcaaaaaacaaaccaacattggattttgaactgataaaaacagaagccaaacagcctgccaccctaaggaagtactgtatagaggcaaagctaaccaacacaacaacagaatctcgctgcccaacacaaggggaacccagcctaaatgaagagcaggacaaaaggttcgtctgcaaacactccatggtagacagaggatggggaaatggatgtggactatttggaaagggaggcattgtgacctgtgctatgttcagatgcaaaaagaacatggaaggaaaagttgtgcaaccagaaaacttggaatacaccattgtgataacacctcactcaggggaagagcatgcagtcggaaatgacacaggaaaacatggcaaggaaatcaaaataacaccacagagttccatcacagaagcagaattgacaggttatggcactgtcacaatggagtgctctccaagaacgggcctcgacttcaatgagatggtgttgctgcagatggaaaataaagcttggctggtgcacaggcaatggttcctagacctgccgttaccatggttgcccggagcggacacacaagggtcaaattggatacagaaagagacattggtcactttcaaaaatccccatgcgaagaaacaggatgttgttgttttaggatcccaagaaggggccatgcacacagcacttacaggggccacagaaatccaaatgtcatcaggaaacttactcttcacaggacatctcaagtgcaggctgagaatggacaagctacagctcaaaggaatgtcatactctatgtgcacaggaaagtttaaagttgtgaaggaaatagcagaaacacaacatggaacaatagttatcagagtgcaatatgaaggggacggctctccatgcaagatcccttttgagataatggatttggaaaaaagacatgtcttaggtcgcctgattacagtcaacccaattgtgacagaaaaagatagcccagtcaacatagaagcagaacctccattcggagacagctacatcatcataggagtagagccgggacaactgaagctcaactggtttaagaaaggaagttctatcggccaaatgtttgagacaacaatgaggggggcgaagagaatggccattttaggtgacacagcctgggattttggatccttgggaggagtgtttacatctataggaaaggctctccaccaagtctttggagcaatctatggagctgccttcagtggggtttcatggactatgaaaatcctcataggagtcattatcacatggataggaatgaattcacgcagcacctcactgtctgtgacactagtattggtgggaattgtgacactgtatttgggagtcatggtgcaggcc
",4,2
546,"tgcgttgcataggaatgtcaaatagagactttgtggaaggggtttcaggaggaagctgggttgacatagtcttagaacatggaagctgtgtgacgacgatggcaaaaaacaaaccaacattggattttgaactgataaaaacagaagccaaacagcctgccaccctaaggaagtactgtatagaggcaaagctaaccaacacaacaacagaatctcgctgcccaacacaaggggaacccagcctaaatgaagagcaggacaaaaggttcgtctgcaaacactccatggtagacagaggatggggaaatggatgtggactatttggaaagggaggcattgtgacctgtgctatgttcagatgcaaaaagaacatggaaggaaaagttgtgcaaccagaaaacttggaatacaccattgtgataacacctcactcaggggaagagcatgcagtcggaaatgacacaggaaaacatggcaaggaaatcaaaataacaccacagagttccatcacagaagcagaattgacaggttatggcactgtcacaatggagtgctctccaagaacgggcctcgacttcaatgagatggtgttgctgcagatggaaaataaagcttggctggtgcacaggcaatggttcctagacctgccgttaccatggttgcccggagcggacacacaagggtcaaattggatacagaaagagacattggtcactttcaaaaatccccatgcgaagaaacaggatgttgttgttttaggatcccaagaaggggccatgcacacagcacttacaggggccacagaaatccaaatgtcatcaggaaacttactcttcacaggacatctcaagtgcaggctgagaatggacaagctacagctcaaaggaatgtcatactctatgtgcacaggaaagtttaaagttgtgaaggaaatagcagaaacacaacatggaacaatagttatcagagtgcaatatgaaggggacggctctccatgcaagatcccttttgagataatggatttggaaaaaagacatgtcttaggtcgcctgattacagtcaacccaattgtgacagaaaaagatagcccagtcaacatagaagcagaacctccattcggagacagctacatcatcataggagtagagccgggacaactgaagctcaactggtttaagaaaggaagttctatcggccaaatgtttgagacaacaatgaggggggcgaagagaatggccattttaggtgacacagcctgggattttggatccttgggaggagtgtttacatctataggaaaggctctccaccaagtctttggagcaatctatggagctgccttcagtggggtttcatggactatgaaaatcctcataggagtcattatcacatggataggaatgaattcacgcagcacctcactgtctgtgacactagtattggtgggaattgtgacactgtatttgggagtcatggtgcaggcc
",1,2
104,"tgcgttgcataggaatgtcaaatagagactttgtggaaggggtttcaggaggaagctgggttgacatagtcttagaacatggaagctgtgtgacgacgatggcaaaaaacaaaccaacattggattttgaactgataaaaacagaagccaaacagcctgccaccctaaggaagtactgtatagaggcaaagctaaccaacacaacaacagaatctcgctgcccaacacaaggggaacccagcctaaatgaagagcaggacaaaaggttcgtctgcaaacactccatggtagacagaggatggggaaatggatgtggactatttggaaagggaggcattgtgacctgtgctatgttcagatgcaaaaagaacatggaaggaaaagttgtgcaaccagaaaacttggaatacaccattgtgataacacctcactcaggggaagagcatgcagtcggaaatgacacaggaaaacatggcaaggaaatcaaaataacaccacagagttccatcacagaagcagaattgacaggttatggcactgtcacaatggagtgctctccaagaacgggcctcgacttcaatgagatggtgttgctgcagatggaaaataaagcttggctggtgcacaggcaatggttcctagacctgccgttaccatggttgcccggagcggacacacaagggtcaaattggatacagaaagagacattggtcactttcaaaaatccccatgcgaagaaacaggatgttgttgttttaggatcccaagaaggggccatgcacacagcacttacaggggccacagaaatccaaatgtcatcaggaaacttactcttcacaggacatctcaagtgcaggctgagaatggacaagctacagctcaaaggaatgtcatactctatgtgcacaggaaagtttaaagttgtgaaggaaatagcagaaacacaacatggaacaatagttatcagagtgcaatatgaaggggacggctctccatgcaagatcccttttgagataatggatttggaaaaaagacatgtcttaggtcgcctgattacagtcaacccaattgtgacagaaaaagatagcccagtcaacatagaagcagaacctccattcggagacagctacatcatcataggagtagagccgggacaactgaagctcaactggtttaagaaaggaagttctatcggccaaatgtttgagacaacaatgaggggggcgaagagaatggccattttaggtgacacagcctgggattttggatccttgggaggagtgtttacatctataggaaaggctctccaccaagtctttggagcaatctatggagctgccttcagtggggtttcatggactatgaaaatcctcataggagtcattatcacatggataggaatgaattcacgcagcacctcactgtctgtgacactagtattggtgggaattgtgacactgtatttgggagtcatggtgcaggcc
",1,2
2232,"tgcgttgcataggaatgtcaaatagagactttgtggaaggggtttcaggaggaagctgggttgacatagtcttagaacatggaagctgtgtgacgacgatggcaaaaaacaaaccaacattggattttgaactgataaaaacagaagccaaacagcctgccaccctaaggaagtactgtatagaggcaaagctaaccaacacaacaacagaatctcgctgcccaacacaaggggaacccagcctaaatgaagagcaggacaaaaggttcgtctgcaaacactccatggtagacagaggatggggaaatggatgtggactatttggaaagggaggcattgtgacctgtgctatgttcagatgcaaaaagaacatggaaggaaaagttgtgcaaccagaaaacttggaatacaccattgtgataacacctcactcaggggaagagcatgcagtcggaaatgacacaggaaaacatggcaaggaaatcaaaataacaccacagagttccatcacagaagcagaattgacaggttatggcactgtcacaatggagtgctctccaagaacgggcctcgacttcaatgagatggtgttgctgcagatggaaaataaagcttggctggtgcacaggcaatggttcctagacctgccgttaccatggttgcccggagcggacacacaagggtcaaattggatacagaaagagacattggtcactttcaaaaatccccatgcgaagaaacaggatgttgttgttttaggatcccaagaaggggccatgcacacagcacttacaggggccacagaaatccaaatgtcatcaggaaacttactcttcacaggacatctcaagtgcaggctgagaatggacaagctacagctcaaaggaatgtcatactctatgtgcacaggaaagtttaaagttgtgaaggaaatagcagaaacacaacatggaacaatagttatcagagtgcaatatgaaggggacggctctccatgcaagatcccttttgagataatggatttggaaaaaagacatgtcttaggtcgcctgattacagtcaacccaattgtgacagaaaaagatagcccagtcaacatagaagcagaacctccattcggagacagctacatcatcataggagtagagccgggacaactgaagctcaactggtttaagaaaggaagttctatcggccaaatgtttgagacaacaatgaggggggcgaagagaatggccattttaggtgacacagcctgggattttggatccttgggaggagtgtttacatctataggaaaggctctccaccaagtctttggagcaatctatggagctgccttcagtggggtttcatggactatgaaaatcctcataggagtcattatcacatggataggaatgaattcacgcagcacctcactgtctgtgacactagtattggtgggaattgtgacactgtatttgggagtcatggtgcaggcc
",4,2
2228,"tgcgttgcataggaatgtcaaatagagactttgtggaaggggtttcaggaggaagctgggttgacatagtcttagaacatggaagctgtgtgacgacgatggcaaaaaacaaaccaacattggattttgaactgataaaaacagaagccaaacagcctgccaccctaaggaagtactgtatagaggcaaagctaaccaacacaacaacagaatctcgctgcccaacacaaggggaacccagcctaaatgaagagcaggacaaaaggttcgtctgcaaacactccatggtagacagaggatggggaaatggatgtggactatttggaaagggaggcattgtgacctgtgctatgttcagatgcaaaaagaacatggaaggaaaagttgtgcaaccagaaaacttggaatacaccattgtgataacacctcactcaggggaagagcatgcagtcggaaatgacacaggaaaacatggcaaggaaatcaaaataacaccacagagttccatcacagaagcagaattgacaggttatggcactgtcacaatggagtgctctccaagaacgggcctcgacttcaatgagatggtgttgctgcagatggaaaataaagcttggctggtgcacaggcaatggttcctagacctgccgttaccatggttgcccggagcggacacacaagggtcaaattggatacagaaagagacattggtcactttcaaaaatccccatgcgaagaaacaggatgttgttgttttaggatcccaagaaggggccatgcacacagcacttacaggggccacagaaatccaaatgtcatcaggaaacttactcttcacaggacatctcaagtgcaggctgagaatggacaagctacagctcaaaggaatgtcatactctatgtgcacaggaaagtttaaagttgtgaaggaaatagcagaaacacaacatggaacaatagttatcagagtgcaatatgaaggggacggctctccatgcaagatcccttttgagataatggatttggaaaaaagacatgtcttaggtcgcctgattacagtcaacccaattgtgacagaaaaagatagcccagtcaacatagaagcagaacctccattcggagacagctacatcatcataggagtagagccgggacaactgaagctcaactggtttaagaaaggaagttctatcggccaaatgtttgagacaacaatgaggggggcgaagagaatggccattttaggtgacacagcctgggattttggatccttgggaggagtgtttacatctataggaaaggctctccaccaagtctttggagcaatctatggagctgccttcagtggggtttcatggactatgaaaatcctcataggagtcattatcacatggataggaatgaattcacgcagcacctcactgtctgtgacactagtattggtgggaattgtgacactgtatttgggagtcatggtgcaggcc
",4,2
2254,"tgcgttgcataggaatgtcaaatagagactttgtggaaggggtttcaggaggaagctgggttgacatagtcttagaacatggaagctgtgtgacgacgatggcaaaaaacaaaccaacattggattttgaactgataaaaacagaagccaaacagcctgccaccctaaggaagtactgtatagaggcaaagctaaccaacacaacaacagaatctcgctgcccaacacaaggggaacccagcctaaatgaagagcaggacaaaaggttcgtctgcaaacactccatggtagacagaggatggggaaatggatgtggactatttggaaagggaggcattgtgacctgtgctatgttcagatgcaaaaagaacatggaaggaaaagttgtgcaaccagaaaacttggaatacaccattgtgataacacctcactcaggggaagagcatgcagtcggaaatgacacaggaaaacatggcaaggaaatcaaaataacaccacagagttccatcacagaagcagaattgacaggttatggcactgtcacaatggagtgctctccaagaacgggcctcgacttcaatgagatggtgttgctgcagatggaaaataaagcttggctggtgcacaggcaatggttcctagacctgccgttaccatggttgcccggagcggacacacaagggtcaaattggatacagaaagagacattggtcactttcaaaaatccccatgcgaagaaacaggatgttgttgttttaggatcccaagaaggggccatgcacacagcacttacaggggccacagaaatccaaatgtcatcaggaaacttactcttcacaggacatctcaagtgcaggctgagaatggacaagctacagctcaaaggaatgtcatactctatgtgcacaggaaagtttaaagttgtgaaggaaatagcagaaacacaacatggaacaatagttatcagagtgcaatatgaaggggacggctctccatgcaagatcccttttgagataatggatttggaaaaaagacatgtcttaggtcgcctgattacagtcaacccaattgtgacagaaaaagatagcccagtcaacatagaagcagaacctccattcggagacagctacatcatcataggagtagagccgggacaactgaagctcaactggtttaagaaaggaagttctatcggccaaatgtttgagacaacaatgaggggggcgaagagaatggccattttaggtgacacagcctgggattttggatccttgggaggagtgtttacatctataggaaaggctctccaccaagtctttggagcaatctatggagctgccttcagtggggtttcatggactatgaaaatcctcataggagtcattatcacatggataggaatgaattcacgcagcacctcactgtctgtgacactagtattggtgggaattgtgacactgtatttgggagtcatggtgcaggcc
",4,2
232,"tgcgttgcataggaatgtcaaatagagactttgtggaaggggtttcaggaggaagctgggttgacatagtcttagaacatggaagctgtgtgacgacgatggcaaaaaacaaaccaacattggattttgaactgataaaaacagaagccaaacagcctgccaccctaaggaagtactgtatagaggcaaagctaaccaacacaacaacagaatctcgctgcccaacacaaggggaacccagcctaaatgaagagcaggacaaaaggttcgtctgcaaacactccatggtagacagaggatggggaaatggatgtggactatttggaaagggaggcattgtgacctgtgctatgttcagatgcaaaaagaacatggaaggaaaagttgtgcaaccagaaaacttggaatacaccattgtgataacacctcactcaggggaagagcatgcagtcggaaatgacacaggaaaacatggcaaggaaatcaaaataacaccacagagttccatcacagaagcagaattgacaggttatggcactgtcacaatggagtgctctccaagaacgggcctcgacttcaatgagatggtgttgctgcagatggaaaataaagcttggctggtgcacaggcaatggttcctagacctgccgttaccatggttgcccggagcggacacacaagggtcaaattggatacagaaagagacattggtcactttcaaaaatccccatgcgaagaaacaggatgttgttgttttaggatcccaagaaggggccatgcacacagcacttacaggggccacagaaatccaaatgtcatcaggaaacttactcttcacaggacatctcaagtgcaggctgagaatggacaagctacagctcaaaggaatgtcatactctatgtgcacaggaaagtttaaagttgtgaaggaaatagcagaaacacaacatggaacaatagttatcagagtgcaatatgaaggggacggctctccatgcaagatcccttttgagataatggatttggaaaaaagacatgtcttaggtcgcctgattacagtcaacccaattgtgacagaaaaagatagcccagtcaacatagaagcagaacctccattcggagacagctacatcatcataggagtagagccgggacaactgaagctcaactggtttaagaaaggaagttctatcggccaaatgtttgagacaacaatgaggggggcgaagagaatggccattttaggtgacacagcctgggattttggatccttgggaggagtgtttacatctataggaaaggctctccaccaagtctttggagcaatctatggagctgccttcagtggggtttcatggactatgaaaatcctcataggagtcattatcacatggataggaatgaattcacgcagcacctcactgtctgtgacactagtattggtgggaattgtgacactgtatttgggagtcatggtgcaggcc
",1,2
2234,"tgcgttgcataggaatgtcaaatagagactttgtggaaggggtttcaggaggaagctgggttgacatagtcttagaacatggaagctgtgtgacgacgatggcaaaaaacaaaccaacattggattttgaactgataaaaacagaagccaaacagcctgccaccctaaggaagtactgtatagaggcaaagctaaccaacacaacaacagaatctcgctgcccaacacaaggggaacccagcctaaatgaagagcaggacaaaaggttcgtctgcaaacactccatggtagacagaggatggggaaatggatgtggactatttggaaagggaggcattgtgacctgtgctatgttcagatgcaaaaagaacatggaaggaaaagttgtgcaaccagaaaacttggaatacaccattgtgataacacctcactcaggggaagagcatgcagtcggaaatgacacaggaaaacatggcaaggaaatcaaaataacaccacagagttccatcacagaagcagaattgacaggttatggcactgtcacaatggagtgctctccaagaacgggcctcgacttcaatgagatggtgttgctgcagatggaaaataaagcttggctggtgcacaggcaatggttcctagacctgccgttaccatggttgcccggagcggacacacaagggtcaaattggatacagaaagagacattggtcactttcaaaaatccccatgcgaagaaacaggatgttgttgttttaggatcccaagaaggggccatgcacacagcacttacaggggccacagaaatccaaatgtcatcaggaaacttactcttcacaggacatctcaagtgcaggctgagaatggacaagctacagctcaaaggaatgtcatactctatgtgcacaggaaagtttaaagttgtgaaggaaatagcagaaacacaacatggaacaatagttatcagagtgcaatatgaaggggacggctctccatgcaagatcccttttgagataatggatttggaaaaaagacatgtcttaggtcgcctgattacagtcaacccaattgtgacagaaaaagatagcccagtcaacatagaagcagaacctccattcggagacagctacatcatcataggagtagagccgggacaactgaagctcaactggtttaagaaaggaagttctatcggccaaatgtttgagacaacaatgaggggggcgaagagaatggccattttaggtgacacagcctgggattttggatccttgggaggagtgtttacatctataggaaaggctctccaccaagtctttggagcaatctatggagctgccttcagtggggtttcatggactatgaaaatcctcataggagtcattatcacatggataggaatgaattcacgcagcacctcactgtctgtgacactagtattggtgggaattgtgacactgtatttgggagtcatggtgcaggcc
",4,2
702,"tgcgttgcataggaatgtcaaatagagactttgtggaaggggtttcaggaggaagctgggttgacatagtcttagaacatggaagctgtgtgacgacgatggcaaaaaacaaaccaacattggattttgaactgataaaaacagaagccaaacagcctgccaccctaaggaagtactgtatagaggcaaagctaaccaacacaacaacagaatctcgctgcccaacacaaggggaacccagcctaaatgaagagcaggacaaaaggttcgtctgcaaacactccatggtagacagaggatggggaaatggatgtggactatttggaaagggaggcattgtgacctgtgctatgttcagatgcaaaaagaacatggaaggaaaagttgtgcaaccagaaaacttggaatacaccattgtgataacacctcactcaggggaagagcatgcagtcggaaatgacacaggaaaacatggcaaggaaatcaaaataacaccacagagttccatcacagaagcagaattgacaggttatggcactgtcacaatggagtgctctccaagaacgggcctcgacttcaatgagatggtgttgctgcagatggaaaataaagcttggctggtgcacaggcaatggttcctagacctgccgttaccatggttgcccggagcggacacacaagggtcaaattggatacagaaagagacattggtcactttcaaaaatccccatgcgaagaaacaggatgttgttgttttaggatcccaagaaggggccatgcacacagcacttacaggggccacagaaatccaaatgtcatcaggaaacttactcttcacaggacatctcaagtgcaggctgagaatggacaagctacagctcaaaggaatgtcatactctatgtgcacaggaaagtttaaagttgtgaaggaaatagcagaaacacaacatggaacaatagttatcagagtgcaatatgaaggggacggctctccatgcaagatcccttttgagataatggatttggaaaaaagacatgtcttaggtcgcctgattacagtcaacccaattgtgacagaaaaagatagcccagtcaacatagaagcagaacctccattcggagacagctacatcatcataggagtagagccgggacaactgaagctcaactggtttaagaaaggaagttctatcggccaaatgtttgagacaacaatgaggggggcgaagagaatggccattttaggtgacacagcctgggattttggatccttgggaggagtgtttacatctataggaaaggctctccaccaagtctttggagcaatctatggagctgccttcagtggggtttcatggactatgaaaatcctcataggagtcattatcacatggataggaatgaattcacgcagcacctcactgtctgtgacactagtattggtgggaattgtgacactgtatttgggagtcatggtgcaggcc
",1,2
220,"tgcgttgcataggaatgtcaaatagagactttgtggaaggggtttcaggaggaagctgggttgacatagtcttagaacatggaagctgtgtgacgacgatggcaaaaaacaaaccaacattggattttgaactgataaaaacagaagccaaacagcctgccaccctaaggaagtactgtatagaggcaaagctaaccaacacaacaacagaatctcgctgcccaacacaaggggaacccagcctaaatgaagagcaggacaaaaggttcgtctgcaaacactccatggtagacagaggatggggaaatggatgtggactatttggaaagggaggcattgtgacctgtgctatgttcagatgcaaaaagaacatggaaggaaaagttgtgcaaccagaaaacttggaatacaccattgtgataacacctcactcaggggaagagcatgcagtcggaaatgacacaggaaaacatggcaaggaaatcaaaataacaccacagagttccatcacagaagcagaattgacaggttatggcactgtcacaatggagtgctctccaagaacgggcctcgacttcaatgagatggtgttgctgcagatggaaaataaagcttggctggtgcacaggcaatggttcctagacctgccgttaccatggttgcccggagcggacacacaagggtcaaattggatacagaaagagacattggtcactttcaaaaatccccatgcgaagaaacaggatgttgttgttttaggatcccaagaaggggccatgcacacagcacttacaggggccacagaaatccaaatgtcatcaggaaacttactcttcacaggacatctcaagtgcaggctgagaatggacaagctacagctcaaaggaatgtcatactctatgtgcacaggaaagtttaaagttgtgaaggaaatagcagaaacacaacatggaacaatagttatcagagtgcaatatgaaggggacggctctccatgcaagatcccttttgagataatggatttggaaaaaagacatgtcttaggtcgcctgattacagtcaacccaattgtgacagaaaaagatagcccagtcaacatagaagcagaacctccattcggagacagctacatcatcataggagtagagccgggacaactgaagctcaactggtttaagaaaggaagttctatcggccaaatgtttgagacaacaatgaggggggcgaagagaatggccattttaggtgacacagcctgggattttggatccttgggaggagtgtttacatctataggaaaggctctccaccaagtctttggagcaatctatggagctgccttcagtggggtttcatggactatgaaaatcctcataggagtcattatcacatggataggaatgaattcacgcagcacctcactgtctgtgacactagtattggtgggaattgtgacactgtatttgggagtcatggtgcaggcc
",1,2
2244,"tgcgttgcataggaatgtcaaatagagactttgtggaaggggtttcaggaggaagctgggttgacatagtcttagaacatggaagctgtgtgacgacgatggcaaaaaacaaaccaacattggattttgaactgataaaaacagaagccaaacagcctgccaccctaaggaagtactgtatagaggcaaagctaaccaacacaacaacagaatctcgctgcccaacacaaggggaacccagcctaaatgaagagcaggacaaaaggttcgtctgcaaacactccatggtagacagaggatggggaaatggatgtggactatttggaaagggaggcattgtgacctgtgctatgttcagatgcaaaaagaacatggaaggaaaagttgtgcaaccagaaaacttggaatacaccattgtgataacacctcactcaggggaagagcatgcagtcggaaatgacacaggaaaacatggcaaggaaatcaaaataacaccacagagttccatcacagaagcagaattgacaggttatggcactgtcacaatggagtgctctccaagaacgggcctcgacttcaatgagatggtgttgctgcagatggaaaataaagcttggctggtgcacaggcaatggttcctagacctgccgttaccatggttgcccggagcggacacacaagggtcaaattggatacagaaagagacattggtcactttcaaaaatccccatgcgaagaaacaggatgttgttgttttaggatcccaagaaggggccatgcacacagcacttacaggggccacagaaatccaaatgtcatcaggaaacttactcttcacaggacatctcaagtgcaggctgagaatggacaagctacagctcaaaggaatgtcatactctatgtgcacaggaaagtttaaagttgtgaaggaaatagcagaaacacaacatggaacaatagttatcagagtgcaatatgaaggggacggctctccatgcaagatcccttttgagataatggatttggaaaaaagacatgtcttaggtcgcctgattacagtcaacccaattgtgacagaaaaagatagcccagtcaacatagaagcagaacctccattcggagacagctacatcatcataggagtagagccgggacaactgaagctcaactggtttaagaaaggaagttctatcggccaaatgtttgagacaacaatgaggggggcgaagagaatggccattttaggtgacacagcctgggattttggatccttgggaggagtgtttacatctataggaaaggctctccaccaagtctttggagcaatctatggagctgccttcagtggggtttcatggactatgaaaatcctcataggagtcattatcacatggataggaatgaattcacgcagcacctcactgtctgtgacactagtattggtgggaattgtgacactgtatttgggagtcatggtgcaggcc
",4,2
708,"tgcgttgcataggaatgtcaaatagagactttgtggaaggggtttcaggaggaagctgggttgacatagtcttagaacatggaagctgtgtgacgacgatggcaaaaaacaaaccaacattggattttgaactgataaaaacagaagccaaacagcctgccaccctaaggaagtactgtatagaggcaaagctaaccaacacaacaacagaatctcgctgcccaacacaaggggaacccagcctaaatgaagagcaggacaaaaggttcgtctgcaaacactccatggtagacagaggatggggaaatggatgtggactatttggaaagggaggcattgtgacctgtgctatgttcagatgcaaaaagaacatggaaggaaaagttgtgcaaccagaaaacttggaatacaccattgtgataacacctcactcaggggaagagcatgcagtcggaaatgacacaggaaaacatggcaaggaaatcaaaataacaccacagagttccatcacagaagcagaattgacaggttatggcactgtcacaatggagtgctctccaagaacgggcctcgacttcaatgagatggtgttgctgcagatggaaaataaagcttggctggtgcacaggcaatggttcctagacctgccgttaccatggttgcccggagcggacacacaagggtcaaattggatacagaaagagacattggtcactttcaaaaatccccatgcgaagaaacaggatgttgttgttttaggatcccaagaaggggccatgcacacagcacttacaggggccacagaaatccaaatgtcatcaggaaacttactcttcacaggacatctcaagtgcaggctgagaatggacaagctacagctcaaaggaatgtcatactctatgtgcacaggaaagtttaaagttgtgaaggaaatagcagaaacacaacatggaacaatagttatcagagtgcaatatgaaggggacggctctccatgcaagatcccttttgagataatggatttggaaaaaagacatgtcttaggtcgcctgattacagtcaacccaattgtgacagaaaaagatagcccagtcaacatagaagcagaacctccattcggagacagctacatcatcataggagtagagccgggacaactgaagctcaactggtttaagaaaggaagttctatcggccaaatgtttgagacaacaatgaggggggcgaagagaatggccattttaggtgacacagcctgggattttggatccttgggaggagtgtttacatctataggaaaggctctccaccaagtctttggagcaatctatggagctgccttcagtggggtttcatggactatgaaaatcctcataggagtcattatcacatggataggaatgaattcacgcagcacctcactgtctgtgacactagtattggtgggaattgtgacactgtatttgggagtcatggtgcaggcc
",1,2
2212,"tgcgttgcataggaatgtcaaatagagactttgtggaaggggtttcaggaggaagctgggttgacatagtcttagaacatggaagctgtgtgacgacgatggcaaaaaacaaaccaacattggattttgaactgataaaaacagaagccaaacagcctgccaccctaaggaagtactgtatagaggcaaagctaaccaacacaacaacagaatctcgctgcccaacacaaggggaacccagcctaaatgaagagcaggacaaaaggttcgtctgcaaacactccatggtagacagaggatggggaaatggatgtggactatttggaaagggaggcattgtgacctgtgctatgttcagatgcaaaaagaacatggaaggaaaagttgtgcaaccagaaaacttggaatacaccattgtgataacacctcactcaggggaagagcatgcagtcggaaatgacacaggaaaacatggcaaggaaatcaaaataacaccacagagttccatcacagaagcagaattgacaggttatggcactgtcacaatggagtgctctccaagaacgggcctcgacttcaatgagatggtgttgctgcagatggaaaataaagcttggctggtgcacaggcaatggttcctagacctgccgttaccatggttgcccggagcggacacacaagggtcaaattggatacagaaagagacattggtcactttcaaaaatccccatgcgaagaaacaggatgttgttgttttaggatcccaagaaggggccatgcacacagcacttacaggggccacagaaatccaaatgtcatcaggaaacttactcttcacaggacatctcaagtgcaggctgagaatggacaagctacagctcaaaggaatgtcatactctatgtgcacaggaaagtttaaagttgtgaaggaaatagcagaaacacaacatggaacaatagttatcagagtgcaatatgaaggggacggctctccatgcaagatcccttttgagataatggatttggaaaaaagacatgtcttaggtcgcctgattacagtcaacccaattgtgacagaaaaagatagcccagtcaacatagaagcagaacctccattcggagacagctacatcatcataggagtagagccgggacaactgaagctcaactggtttaagaaaggaagttctatcggccaaatgtttgagacaacaatgaggggggcgaagagaatggccattttaggtgacacagcctgggattttggatccttgggaggagtgtttacatctataggaaaggctctccaccaagtctttggagcaatctatggagctgccttcagtggggtttcatggactatgaaaatcctcataggagtcattatcacatggataggaatgaattcacgcagcacctcactgtctgtgacactagtattggtgggaattgtgacactgtatttgggagtcatggtgcaggcc
",4,2
538,"tgcgttgcataggaatgtcaaatagagactttgtggaaggggtttcaggaggaagctgggttgacatagtcttagaacatggaagctgtgtgacgacgatggcaaaaaacaaaccaacattggattttgaactgataaaaacagaagccaaacagcctgccaccctaaggaagtactgtatagaggcaaagctaaccaacacaacaacagaatctcgctgcccaacacaaggggaacccagcctaaatgaagagcaggacaaaaggttcgtctgcaaacactccatggtagacagaggatggggaaatggatgtggactatttggaaagggaggcattgtgacctgtgctatgttcagatgcaaaaagaacatggaaggaaaagttgtgcaaccagaaaacttggaatacaccattgtgataacacctcactcaggggaagagcatgcagtcggaaatgacacaggaaaacatggcaaggaaatcaaaataacaccacagagttccatcacagaagcagaattgacaggttatggcactgtcacaatggagtgctctccaagaacgggcctcgacttcaatgagatggtgttgctgcagatggaaaataaagcttggctggtgcacaggcaatggttcctagacctgccgttaccatggttgcccggagcggacacacaagggtcaaattggatacagaaagagacattggtcactttcaaaaatccccatgcgaagaaacaggatgttgttgttttaggatcccaagaaggggccatgcacacagcacttacaggggccacagaaatccaaatgtcatcaggaaacttactcttcacaggacatctcaagtgcaggctgagaatggacaagctacagctcaaaggaatgtcatactctatgtgcacaggaaagtttaaagttgtgaaggaaatagcagaaacacaacatggaacaatagttatcagagtgcaatatgaaggggacggctctccatgcaagatcccttttgagataatggatttggaaaaaagacatgtcttaggtcgcctgattacagtcaacccaattgtgacagaaaaagatagcccagtcaacatagaagcagaacctccattcggagacagctacatcatcataggagtagagccgggacaactgaagctcaactggtttaagaaaggaagttctatcggccaaatgtttgagacaacaatgaggggggcgaagagaatggccattttaggtgacacagcctgggattttggatccttgggaggagtgtttacatctataggaaaggctctccaccaagtctttggagcaatctatggagctgccttcagtggggtttcatggactatgaaaatcctcataggagtcattatcacatggataggaatgaattcacgcagcacctcactgtctgtgacactagtattggtgggaattgtgacactgtatttgggagtcatggtgcaggcc
",1,2
2318,"tgcgttgcataggaatgtcaaatagagactttgtggaaggggtttcaggaggaagctgggttgacatagtcttagaacatggaagctgtgtgacgacgatggcaaaaaacaaaccaacattggattttgaactgataaaaacagaagccaaacagcctgccaccctaaggaagtactgtatagaggcaaagctaaccaacacaacaacagaatctcgctgcccaacacaaggggaacccagcctaaatgaagagcaggacaaaaggttcgtctgcaaacactccatggtagacagaggatggggaaatggatgtggactatttggaaagggaggcattgtgacctgtgctatgttcagatgcaaaaagaacatggaaggaaaagttgtgcaaccagaaaacttggaatacaccattgtgataacacctcactcaggggaagagcatgcagtcggaaatgacacaggaaaacatggcaaggaaatcaaaataacaccacagagttccatcacagaagcagaattgacaggttatggcactgtcacaatggagtgctctccaagaacgggcctcgacttcaatgagatggtgttgctgcagatggaaaataaagcttggctggtgcacaggcaatggttcctagacctgccgttaccatggttgcccggagcggacacacaagggtcaaattggatacagaaagagacattggtcactttcaaaaatccccatgcgaagaaacaggatgttgttgttttaggatcccaagaaggggccatgcacacagcacttacaggggccacagaaatccaaatgtcatcaggaaacttactcttcacaggacatctcaagtgcaggctgagaatggacaagctacagctcaaaggaatgtcatactctatgtgcacaggaaagtttaaagttgtgaaggaaatagcagaaacacaacatggaacaatagttatcagagtgcaatatgaaggggacggctctccatgcaagatcccttttgagataatggatttggaaaaaagacatgtcttaggtcgcctgattacagtcaacccaattgtgacagaaaaagatagcccagtcaacatagaagcagaacctccattcggagacagctacatcatcataggagtagagccgggacaactgaagctcaactggtttaagaaaggaagttctatcggccaaatgtttgagacaacaatgaggggggcgaagagaatggccattttaggtgacacagcctgggattttggatccttgggaggagtgtttacatctataggaaaggctctccaccaagtctttggagcaatctatggagctgccttcagtggggtttcatggactatgaaaatcctcataggagtcattatcacatggataggaatgaattcacgcagcacctcactgtctgtgacactagtattggtgggaattgtgacactgtatttgggagtcatggtgcaggcc
",4,2
768,"tgcgttgcataggaatgtcaaatagagactttgtggaaggggtttcaggaggaagctgggttgacatagtcttagaacatggaagctgtgtgacgacgatggcaaaaaacaaaccaacattggattttgaactgataaaaacagaagccaaacagcctgccaccctaaggaagtactgtatagaggcaaagctaaccaacacaacaacagaatctcgctgcccaacacaaggggaacccagcctaaatgaagagcaggacaaaaggttcgtctgcaaacactccatggtagacagaggatggggaaatggatgtggactatttggaaagggaggcattgtgacctgtgctatgttcagatgcaaaaagaacatggaaggaaaagttgtgcaaccagaaaacttggaatacaccattgtgataacacctcactcaggggaagagcatgcagtcggaaatgacacaggaaaacatggcaaggaaatcaaaataacaccacagagttccatcacagaagcagaattgacaggttatggcactgtcacaatggagtgctctccaagaacgggcctcgacttcaatgagatggtgttgctgcagatggaaaataaagcttggctggtgcacaggcaatggttcctagacctgccgttaccatggttgcccggagcggacacacaagggtcaaattggatacagaaagagacattggtcactttcaaaaatccccatgcgaagaaacaggatgttgttgttttaggatcccaagaaggggccatgcacacagcacttacaggggccacagaaatccaaatgtcatcaggaaacttactcttcacaggacatctcaagtgcaggctgagaatggacaagctacagctcaaaggaatgtcatactctatgtgcacaggaaagtttaaagttgtgaaggaaatagcagaaacacaacatggaacaatagttatcagagtgcaatatgaaggggacggctctccatgcaagatcccttttgagataatggatttggaaaaaagacatgtcttaggtcgcctgattacagtcaacccaattgtgacagaaaaagatagcccagtcaacatagaagcagaacctccattcggagacagctacatcatcataggagtagagccgggacaactgaagctcaactggtttaagaaaggaagttctatcggccaaatgtttgagacaacaatgaggggggcgaagagaatggccattttaggtgacacagcctgggattttggatccttgggaggagtgtttacatctataggaaaggctctccaccaagtctttggagcaatctatggagctgccttcagtggggtttcatggactatgaaaatcctcataggagtcattatcacatggataggaatgaattcacgcagcacctcactgtctgtgacactagtattggtgggaattgtgacactgtatttgggagtcatggtgcaggcc
",1,2
2250,"tgcgttgcataggaatgtcaaatagagactttgtggaaggggtttcaggaggaagctgggttgacatagtcttagaacatggaagctgtgtgacgacgatggcaaaaaacaaaccaacattggattttgaactgataaaaacagaagccaaacagcctgccaccctaaggaagtactgtatagaggcaaagctaaccaacacaacaacagaatctcgctgcccaacacaaggggaacccagcctaaatgaagagcaggacaaaaggttcgtctgcaaacactccatggtagacagaggatggggaaatggatgtggactatttggaaagggaggcattgtgacctgtgctatgttcagatgcaaaaagaacatggaaggaaaagttgtgcaaccagaaaacttggaatacaccattgtgataacacctcactcaggggaagagcatgcagtcggaaatgacacaggaaaacatggcaaggaaatcaaaataacaccacagagttccatcacagaagcagaattgacaggttatggcactgtcacaatggagtgctctccaagaacgggcctcgacttcaatgagatggtgttgctgcagatggaaaataaagcttggctggtgcacaggcaatggttcctagacctgccgttaccatggttgcccggagcggacacacaagggtcaaattggatacagaaagagacattggtcactttcaaaaatccccatgcgaagaaacaggatgttgttgttttaggatcccaagaaggggccatgcacacagcacttacaggggccacagaaatccaaatgtcatcaggaaacttactcttcacaggacatctcaagtgcaggctgagaatggacaagctacagctcaaaggaatgtcatactctatgtgcacaggaaagtttaaagttgtgaaggaaatagcagaaacacaacatggaacaatagttatcagagtgcaatatgaaggggacggctctccatgcaagatcccttttgagataatggatttggaaaaaagacatgtcttaggtcgcctgattacagtcaacccaattgtgacagaaaaagatagcccagtcaacatagaagcagaacctccattcggagacagctacatcatcataggagtagagccgggacaactgaagctcaactggtttaagaaaggaagttctatcggccaaatgtttgagacaacaatgaggggggcgaagagaatggccattttaggtgacacagcctgggattttggatccttgggaggagtgtttacatctataggaaaggctctccaccaagtctttggagcaatctatggagctgccttcagtggggtttcatggactatgaaaatcctcataggagtcattatcacatggataggaatgaattcacgcagcacctcactgtctgtgacactagtattggtgggaattgtgacactgtatttgggagtcatggtgcaggcc
",4,2
2246,"tgcgttgcataggaatgtcaaatagagactttgtggaaggggtttcaggaggaagctgggttgacatagtcttagaacatggaagctgtgtgacgacgatggcaaaaaacaaaccaacattggattttgaactgataaaaacagaagccaaacagcctgccaccctaaggaagtactgtatagaggcaaagctaaccaacacaacaacagaatctcgctgcccaacacaaggggaacccagcctaaatgaagagcaggacaaaaggttcgtctgcaaacactccatggtagacagaggatggggaaatggatgtggactatttggaaagggaggcattgtgacctgtgctatgttcagatgcaaaaagaacatggaaggaaaagttgtgcaaccagaaaacttggaatacaccattgtgataacacctcactcaggggaagagcatgcagtcggaaatgacacaggaaaacatggcaaggaaatcaaaataacaccacagagttccatcacagaagcagaattgacaggttatggcactgtcacaatggagtgctctccaagaacgggcctcgacttcaatgagatggtgttgctgcagatggaaaataaagcttggctggtgcacaggcaatggttcctagacctgccgttaccatggttgcccggagcggacacacaagggtcaaattggatacagaaagagacattggtcactttcaaaaatccccatgcgaagaaacaggatgttgttgttttaggatcccaagaaggggccatgcacacagcacttacaggggccacagaaatccaaatgtcatcaggaaacttactcttcacaggacatctcaagtgcaggctgagaatggacaagctacagctcaaaggaatgtcatactctatgtgcacaggaaagtttaaagttgtgaaggaaatagcagaaacacaacatggaacaatagttatcagagtgcaatatgaaggggacggctctccatgcaagatcccttttgagataatggatttggaaaaaagacatgtcttaggtcgcctgattacagtcaacccaattgtgacagaaaaagatagcccagtcaacatagaagcagaacctccattcggagacagctacatcatcataggagtagagccgggacaactgaagctcaactggtttaagaaaggaagttctatcggccaaatgtttgagacaacaatgaggggggcgaagagaatggccattttaggtgacacagcctgggattttggatccttgggaggagtgtttacatctataggaaaggctctccaccaagtctttggagcaatctatggagctgccttcagtggggtttcatggactatgaaaatcctcataggagtcattatcacatggataggaatgaattcacgcagcacctcactgtctgtgacactagtattggtgggaattgtgacactgtatttgggagtcatggtgcaggcc
",4,2
684,"tgcgttgcataggaatgtcaaatagagactttgtggaaggggtttcaggaggaagctgggttgacatagtcttagaacatggaagctgtgtgacgacgatggcaaaaaacaaaccaacattggattttgaactgataaaaacagaagccaaacagcctgccaccctaaggaagtactgtatagaggcaaagctaaccaacacaacaacagaatctcgctgcccaacacaaggggaacccagcctaaatgaagagcaggacaaaaggttcgtctgcaaacactccatggtagacagaggatggggaaatggatgtggactatttggaaagggaggcattgtgacctgtgctatgttcagatgcaaaaagaacatggaaggaaaagttgtgcaaccagaaaacttggaatacaccattgtgataacacctcactcaggggaagagcatgcagtcggaaatgacacaggaaaacatggcaaggaaatcaaaataacaccacagagttccatcacagaagcagaattgacaggttatggcactgtcacaatggagtgctctccaagaacgggcctcgacttcaatgagatggtgttgctgcagatggaaaataaagcttggctggtgcacaggcaatggttcctagacctgccgttaccatggttgcccggagcggacacacaagggtcaaattggatacagaaagagacattggtcactttcaaaaatccccatgcgaagaaacaggatgttgttgttttaggatcccaagaaggggccatgcacacagcacttacaggggccacagaaatccaaatgtcatcaggaaacttactcttcacaggacatctcaagtgcaggctgagaatggacaagctacagctcaaaggaatgtcatactctatgtgcacaggaaagtttaaagttgtgaaggaaatagcagaaacacaacatggaacaatagttatcagagtgcaatatgaaggggacggctctccatgcaagatcccttttgagataatggatttggaaaaaagacatgtcttaggtcgcctgattacagtcaacccaattgtgacagaaaaagatagcccagtcaacatagaagcagaacctccattcggagacagctacatcatcataggagtagagccgggacaactgaagctcaactggtttaagaaaggaagttctatcggccaaatgtttgagacaacaatgaggggggcgaagagaatggccattttaggtgacacagcctgggattttggatccttgggaggagtgtttacatctataggaaaggctctccaccaagtctttggagcaatctatggagctgccttcagtggggtttcatggactatgaaaatcctcataggagtcattatcacatggataggaatgaattcacgcagcacctcactgtctgtgacactagtattggtgggaattgtgacactgtatttgggagtcatggtgcaggcc
",1,2
2224,"tgcgttgcataggaatgtcaaatagagactttgtggaaggggtttcaggaggaagctgggttgacatagtcttagaacatggaagctgtgtgacgacgatggcaaaaaacaaaccaacattggattttgaactgataaaaacagaagccaaacagcctgccaccctaaggaagtactgtatagaggcaaagctaaccaacacaacaacagaatctcgctgcccaacacaaggggaacccagcctaaatgaagagcaggacaaaaggttcgtctgcaaacactccatggtagacagaggatggggaaatggatgtggactatttggaaagggaggcattgtgacctgtgctatgttcagatgcaaaaagaacatggaaggaaaagttgtgcaaccagaaaacttggaatacaccattgtgataacacctcactcaggggaagagcatgcagtcggaaatgacacaggaaaacatggcaaggaaatcaaaataacaccacagagttccatcacagaagcagaattgacaggttatggcactgtcacaatggagtgctctccaagaacgggcctcgacttcaatgagatggtgttgctgcagatggaaaataaagcttggctggtgcacaggcaatggttcctagacctgccgttaccatggttgcccggagcggacacacaagggtcaaattggatacagaaagagacattggtcactttcaaaaatccccatgcgaagaaacaggatgttgttgttttaggatcccaagaaggggccatgcacacagcacttacaggggccacagaaatccaaatgtcatcaggaaacttactcttcacaggacatctcaagtgcaggctgagaatggacaagctacagctcaaaggaatgtcatactctatgtgcacaggaaagtttaaagttgtgaaggaaatagcagaaacacaacatggaacaatagttatcagagtgcaatatgaaggggacggctctccatgcaagatcccttttgagataatggatttggaaaaaagacatgtcttaggtcgcctgattacagtcaacccaattgtgacagaaaaagatagcccagtcaacatagaagcagaacctccattcggagacagctacatcatcataggagtagagccgggacaactgaagctcaactggtttaagaaaggaagttctatcggccaaatgtttgagacaacaatgaggggggcgaagagaatggccattttaggtgacacagcctgggattttggatccttgggaggagtgtttacatctataggaaaggctctccaccaagtctttggagcaatctatggagctgccttcagtggggtttcatggactatgaaaatcctcataggagtcattatcacatggataggaatgaattcacgcagcacctcactgtctgtgacactagtattggtgggaattgtgacactgtatttgggagtcatggtgcaggcc
",4,2
778,"tgcgttgcataggaatgtcaaatagagactttgtggaaggggtttcaggaggaagctgggttgacatagtcttagaacatggaagctgtgtgacgacgatggcaaaaaacaaaccaacattggattttgaactgataaaaacagaagccaaacagcctgccaccctaaggaagtactgtatagaggcaaagctaaccaacacaacaacagaatctcgctgcccaacacaaggggaacccagcctaaatgaagagcaggacaaaaggttcgtctgcaaacactccatggtagacagaggatggggaaatggatgtggactatttggaaagggaggcattgtgacctgtgctatgttcagatgcaaaaagaacatggaaggaaaagttgtgcaaccagaaaacttggaatacaccattgtgataacacctcactcaggggaagagcatgcagtcggaaatgacacaggaaaacatggcaaggaaatcaaaataacaccacagagttccatcacagaagcagaattgacaggttatggcactgtcacaatggagtgctctccaagaacgggcctcgacttcaatgagatggtgttgctgcagatggaaaataaagcttggctggtgcacaggcaatggttcctagacctgccgttaccatggttgcccggagcggacacacaagggtcaaattggatacagaaagagacattggtcactttcaaaaatccccatgcgaagaaacaggatgttgttgttttaggatcccaagaaggggccatgcacacagcacttacaggggccacagaaatccaaatgtcatcaggaaacttactcttcacaggacatctcaagtgcaggctgagaatggacaagctacagctcaaaggaatgtcatactctatgtgcacaggaaagtttaaagttgtgaaggaaatagcagaaacacaacatggaacaatagttatcagagtgcaatatgaaggggacggctctccatgcaagatcccttttgagataatggatttggaaaaaagacatgtcttaggtcgcctgattacagtcaacccaattgtgacagaaaaagatagcccagtcaacatagaagcagaacctccattcggagacagctacatcatcataggagtagagccgggacaactgaagctcaactggtttaagaaaggaagttctatcggccaaatgtttgagacaacaatgaggggggcgaagagaatggccattttaggtgacacagcctgggattttggatccttgggaggagtgtttacatctataggaaaggctctccaccaagtctttggagcaatctatggagctgccttcagtggggtttcatggactatgaaaatcctcataggagtcattatcacatggataggaatgaattcacgcagcacctcactgtctgtgacactagtattggtgggaattgtgacactgtatttgggagtcatggtgcaggcc
",1,2
818,"tgcgttgcataggaatgtcaaatagagactttgtggaaggggtttcaggaggaagctgggttgacatagtcttagaacatggaagctgtgtgacgacgatggcaaaaaacaaaccaacattggattttgaactgataaaaacagaagccaaacagcctgccaccctaaggaagtactgtatagaggcaaagctaaccaacacaacaacagaatctcgctgcccaacacaaggggaacccagcctaaatgaagagcaggacaaaaggttcgtctgcaaacactccatggtagacagaggatggggaaatggatgtggactatttggaaagggaggcattgtgacctgtgctatgttcagatgcaaaaagaacatggaaggaaaagttgtgcaaccagaaaacttggaatacaccattgtgataacacctcactcaggggaagagcatgcagtcggaaatgacacaggaaaacatggcaaggaaatcaaaataacaccacagagttccatcacagaagcagaattgacaggttatggcactgtcacaatggagtgctctccaagaacgggcctcgacttcaatgagatggtgttgctgcagatggaaaataaagcttggctggtgcacaggcaatggttcctagacctgccgttaccatggttgcccggagcggacacacaagggtcaaattggatacagaaagagacattggtcactttcaaaaatccccatgcgaagaaacaggatgttgttgttttaggatcccaagaaggggccatgcacacagcacttacaggggccacagaaatccaaatgtcatcaggaaacttactcttcacaggacatctcaagtgcaggctgagaatggacaagctacagctcaaaggaatgtcatactctatgtgcacaggaaagtttaaagttgtgaaggaaatagcagaaacacaacatggaacaatagttatcagagtgcaatatgaaggggacggctctccatgcaagatcccttttgagataatggatttggaaaaaagacatgtcttaggtcgcctgattacagtcaacccaattgtgacagaaaaagatagcccagtcaacatagaagcagaacctccattcggagacagctacatcatcataggagtagagccgggacaactgaagctcaactggtttaagaaaggaagttctatcggccaaatgtttgagacaacaatgaggggggcgaagagaatggccattttaggtgacacagcctgggattttggatccttgggaggagtgtttacatctataggaaaggctctccaccaagtctttggagcaatctatggagctgccttcagtggggtttcatggactatgaaaatcctcataggagtcattatcacatggataggaatgaattcacgcagcacctcactgtctgtgacactagtattggtgggaattgtgacactgtatttgggagtcatggtgcaggcc
",1,2
2266,"tgcgttgcataggaatgtcaaatagagactttgtggaaggggtttcaggaggaagctgggttgacatagtcttagaacatggaagctgtgtgacgacgatggcaaaaaacaaaccaacattggattttgaactgataaaaacagaagccaaacagcctgccaccctaaggaagtactgtatagaggcaaagctaaccaacacaacaacagaatctcgctgcccaacacaaggggaacccagcctaaatgaagagcaggacaaaaggttcgtctgcaaacactccatggtagacagaggatggggaaatggatgtggactatttggaaagggaggcattgtgacctgtgctatgttcagatgcaaaaagaacatggaaggaaaagttgtgcaaccagaaaacttggaatacaccattgtgataacacctcactcaggggaagagcatgcagtcggaaatgacacaggaaaacatggcaaggaaatcaaaataacaccacagagttccatcacagaagcagaattgacaggttatggcactgtcacaatggagtgctctccaagaacgggcctcgacttcaatgagatggtgttgctgcagatggaaaataaagcttggctggtgcacaggcaatggttcctagacctgccgttaccatggttgcccggagcggacacacaagggtcaaattggatacagaaagagacattggtcactttcaaaaatccccatgcgaagaaacaggatgttgttgttttaggatcccaagaaggggccatgcacacagcacttacaggggccacagaaatccaaatgtcatcaggaaacttactcttcacaggacatctcaagtgcaggctgagaatggacaagctacagctcaaaggaatgtcatactctatgtgcacaggaaagtttaaagttgtgaaggaaatagcagaaacacaacatggaacaatagttatcagagtgcaatatgaaggggacggctctccatgcaagatcccttttgagataatggatttggaaaaaagacatgtcttaggtcgcctgattacagtcaacccaattgtgacagaaaaagatagcccagtcaacatagaagcagaacctccattcggagacagctacatcatcataggagtagagccgggacaactgaagctcaactggtttaagaaaggaagttctatcggccaaatgtttgagacaacaatgaggggggcgaagagaatggccattttaggtgacacagcctgggattttggatccttgggaggagtgtttacatctataggaaaggctctccaccaagtctttggagcaatctatggagctgccttcagtggggtttcatggactatgaaaatcctcataggagtcattatcacatggataggaatgaattcacgcagcacctcactgtctgtgacactagtattggtgggaattgtgacactgtatttgggagtcatggtgcaggcc
",4,2
2340,"tgcgttgcataggaatgtcaaatagagactttgtggaaggggtttcaggaggaagctgggttgacatagtcttagaacatggaagctgtgtgacgacgatggcaaaaaacaaaccaacattggattttgaactgataaaaacagaagccaaacagcctgccaccctaaggaagtactgtatagaggcaaagctaaccaacacaacaacagaatctcgctgcccaacacaaggggaacccagcctaaatgaagagcaggacaaaaggttcgtctgcaaacactccatggtagacagaggatggggaaatggatgtggactatttggaaagggaggcattgtgacctgtgctatgttcagatgcaaaaagaacatggaaggaaaagttgtgcaaccagaaaacttggaatacaccattgtgataacacctcactcaggggaagagcatgcagtcggaaatgacacaggaaaacatggcaaggaaatcaaaataacaccacagagttccatcacagaagcagaattgacaggttatggcactgtcacaatggagtgctctccaagaacgggcctcgacttcaatgagatggtgttgctgcagatggaaaataaagcttggctggtgcacaggcaatggttcctagacctgccgttaccatggttgcccggagcggacacacaagggtcaaattggatacagaaagagacattggtcactttcaaaaatccccatgcgaagaaacaggatgttgttgttttaggatcccaagaaggggccatgcacacagcacttacaggggccacagaaatccaaatgtcatcaggaaacttactcttcacaggacatctcaagtgcaggctgagaatggacaagctacagctcaaaggaatgtcatactctatgtgcacaggaaagtttaaagttgtgaaggaaatagcagaaacacaacatggaacaatagttatcagagtgcaatatgaaggggacggctctccatgcaagatcccttttgagataatggatttggaaaaaagacatgtcttaggtcgcctgattacagtcaacccaattgtgacagaaaaagatagcccagtcaacatagaagcagaacctccattcggagacagctacatcatcataggagtagagccgggacaactgaagctcaactggtttaagaaaggaagttctatcggccaaatgtttgagacaacaatgaggggggcgaagagaatggccattttaggtgacacagcctgggattttggatccttgggaggagtgtttacatctataggaaaggctctccaccaagtctttggagcaatctatggagctgccttcagtggggtttcatggactatgaaaatcctcataggagtcattatcacatggataggaatgaattcacgcagcacctcactgtctgtgacactagtattggtgggaattgtgacactgtatttgggagtcatggtgcaggcc
",4,2
106,"tgcgttgcataggaatgtcaaatagagactttgtggaaggggtttcaggaggaagctgggttgacatagtcttagaacatggaagctgtgtgacgacgatggcaaaaaacaaaccaacattggattttgaactgataaaaacagaagccaaacagcctgccaccctaaggaagtactgtatagaggcaaagctaaccaacacaacaacagaatctcgctgcccaacacaaggggaacccagcctaaatgaagagcaggacaaaaggttcgtctgcaaacactccatggtagacagaggatggggaaatggatgtggactatttggaaagggaggcattgtgacctgtgctatgttcagatgcaaaaagaacatggaaggaaaagttgtgcaaccagaaaacttggaatacaccattgtgataacacctcactcaggggaagagcatgcagtcggaaatgacacaggaaaacatggcaaggaaatcaaaataacaccacagagttccatcacagaagcagaattgacaggttatggcactgtcacaatggagtgctctccaagaacgggcctcgacttcaatgagatggtgttgctgcagatggaaaataaagcttggctggtgcacaggcaatggttcctagacctgccgttaccatggttgcccggagcggacacacaagggtcaaattggatacagaaagagacattggtcactttcaaaaatccccatgcgaagaaacaggatgttgttgttttaggatcccaagaaggggccatgcacacagcacttacaggggccacagaaatccaaatgtcatcaggaaacttactcttcacaggacatctcaagtgcaggctgagaatggacaagctacagctcaaaggaatgtcatactctatgtgcacaggaaagtttaaagttgtgaaggaaatagcagaaacacaacatggaacaatagttatcagagtgcaatatgaaggggacggctctccatgcaagatcccttttgagataatggatttggaaaaaagacatgtcttaggtcgcctgattacagtcaacccaattgtgacagaaaaagatagcccagtcaacatagaagcagaacctccattcggagacagctacatcatcataggagtagagccgggacaactgaagctcaactggtttaagaaaggaagttctatcggccaaatgtttgagacaacaatgaggggggcgaagagaatggccattttaggtgacacagcctgggattttggatccttgggaggagtgtttacatctataggaaaggctctccaccaagtctttggagcaatctatggagctgccttcagtggggtttcatggactatgaaaatcctcataggagtcattatcacatggataggaatgaattcacgcagcacctcactgtctgtgacactagtattggtgggaattgtgacactgtatttgggagtcatggtgcaggcc
",1,2
474,"tgcgttgcataggaatgtcaaatagagactttgtggaaggggtttcaggaggaagctgggttgacatagtcttagaacatggaagctgtgtgacgacgatggcaaaaaacaaaccaacattggattttgaactgataaaaacagaagccaaacagcctgccaccctaaggaagtactgtatagaggcaaagctaaccaacacaacaacagaatctcgctgcccaacacaaggggaacccagcctaaatgaagagcaggacaaaaggttcgtctgcaaacactccatggtagacagaggatggggaaatggatgtggactatttggaaagggaggcattgtgacctgtgctatgttcagatgcaaaaagaacatggaaggaaaagttgtgcaaccagaaaacttggaatacaccattgtgataacacctcactcaggggaagagcatgcagtcggaaatgacacaggaaaacatggcaaggaaatcaaaataacaccacagagttccatcacagaagcagaattgacaggttatggcactgtcacaatggagtgctctccaagaacgggcctcgacttcaatgagatggtgttgctgcagatggaaaataaagcttggctggtgcacaggcaatggttcctagacctgccgttaccatggttgcccggagcggacacacaagggtcaaattggatacagaaagagacattggtcactttcaaaaatccccatgcgaagaaacaggatgttgttgttttaggatcccaagaaggggccatgcacacagcacttacaggggccacagaaatccaaatgtcatcaggaaacttactcttcacaggacatctcaagtgcaggctgagaatggacaagctacagctcaaaggaatgtcatactctatgtgcacaggaaagtttaaagttgtgaaggaaatagcagaaacacaacatggaacaatagttatcagagtgcaatatgaaggggacggctctccatgcaagatcccttttgagataatggatttggaaaaaagacatgtcttaggtcgcctgattacagtcaacccaattgtgacagaaaaagatagcccagtcaacatagaagcagaacctccattcggagacagctacatcatcataggagtagagccgggacaactgaagctcaactggtttaagaaaggaagttctatcggccaaatgtttgagacaacaatgaggggggcgaagagaatggccattttaggtgacacagcctgggattttggatccttgggaggagtgtttacatctataggaaaggctctccaccaagtctttggagcaatctatggagctgccttcagtggggtttcatggactatgaaaatcctcataggagtcattatcacatggataggaatgaattcacgcagcacctcactgtctgtgacactagtattggtgggaattgtgacactgtatttgggagtcatggtgcaggcc
",1,2
